{
  "arch": "efficientnetv2",
  "subset": "ja_lab",
  "task": "regression",
  "target": "log(price_usd)",
  "best_val_log_mae": 0.23205113091802607,
  "hyperparams": {
    "epochs_run": 30,
    "epochs_max": 30,
    "batch_size": 64,
    "base_lr": 0.0003,
    "backbone_lr_scale": 0.1,
    "weight_decay": 0.0001,
    "dropout": 0.3,
    "huber_delta": 0.5,
    "patience": 5
  },
  "test_loss": 0.04595807242369296,
  "test_log_mae": 0.23592662429349162,
  "test_log_rmse": 0.317863790183171,
  "test_usd_mae": 819.6911945905424,
  "test_usd_rmse": 2164.072473935947,
  "test_usd_med_ape": 17.761539485394394,
  "test_r2": 0.8592115605460906,
  "test_spearman": 0.9305723045559997,
  "n_test": 18228
}