{
  "be_lab_cross_train": {
    "0": 0.958905,
    "1": 0.517527,
    "2": 1.710039,
    "3": 2.272232
  },
  "be_lab_train": {
    "0": 0.958895,
    "1": 0.517526,
    "2": 1.710042,
    "3": 2.272311
  },
  "be_natural_cross_train": {
    "0": 0.971566,
    "1": 0.504124,
    "2": 1.720837,
    "3": 2.463151
  },
  "be_natural_train": {
    "0": 0.971566,
    "1": 0.504128,
    "2": 1.720876,
    "3": 2.462989
  },
  "ja_lab_cross_train": {
    "0": 0.982267,
    "1": 0.501129,
    "2": 1.738057,
    "3": 2.432514
  },
  "ja_lab_train": {
    "0": 0.982274,
    "1": 0.501125,
    "2": 1.738067,
    "3": 2.432538
  },
  "ja_natural_cross_train": {
    "0": 0.944658,
    "1": 0.535819,
    "2": 1.623982,
    "3": 2.177019
  },
  "ja_natural_train": {
    "0": 0.944659,
    "1": 0.535826,
    "2": 1.623869,
    "3": 2.177103
  }
}