{
  "arch": "efficientnetv2",
  "subset": "combined_lab",
  "task": "regression",
  "target": "normalized_log_price",
  "best_val_mae": 0.3459069307714074,
  "test_mae": 0.37460712965906917,
  "test_macro_f1": 0.6321822927770787,
  "thresholds": [
    -0.6280587826205465,
    0.5090771979649165,
    1.2948624541819123
  ],
  "hyperparams": {
    "epochs_run": 30,
    "epochs_max": 30,
    "batch_size": 64,
    "dropout": 0.3,
    "patience": 5
  }
}