{
  "arch": "vit",
  "subset": "be_lab",
  "cross_domain": true,
  "best_val_f1": 0.5377897918391188,
  "hyperparams": {
    "epochs_run": 41,
    "epochs_max": 50,
    "batch_size": 64,
    "base_lr": 0.0003,
    "backbone_lr_scale": 0.1,
    "weight_decay": 0.0001,
    "dropout": 0.3,
    "patience": 10
  },
  "test_loss": 2.1688731211644923,
  "test_accuracy": 0.3576366030283081,
  "test_macro_f1": 0.2423977033757284,
  "per_class_f1": {
    "budget": 0.026138279932546374,
    "investment_grade": 0.5370247172611432,
    "mid_range": 0.18716922679747,
    "premium": 0.21925858951175406
  },
  "confusion_matrix": [
    [
      62,
      2960,
      1257,
      361
    ],
    [
      27,
      5247,
      2596,
      1223
    ],
    [
      14,
      1401,
      725,
      482
    ],
    [
      1,
      840,
      547,
      485
    ]
  ],
  "label_order": [
    "budget",
    "investment_grade",
    "mid_range",
    "premium"
  ]
}