{
  "arch": "resnet50",
  "subset": "ja_lab",
  "cross_domain": true,
  "best_val_f1": 0.6638394480449129,
  "hyperparams": {
    "epochs_run": 49,
    "epochs_max": 50,
    "batch_size": 64,
    "base_lr": 0.0003,
    "backbone_lr_scale": 0.1,
    "weight_decay": 0.0001,
    "dropout": 0.3,
    "patience": 10
  },
  "test_loss": 3.029814585676274,
  "test_accuracy": 0.147475212102627,
  "test_macro_f1": 0.1284359050562349,
  "per_class_f1": {
    "budget": 0.021779597915115412,
    "investment_grade": 0.11940436551979282,
    "mid_range": 0.17152961980548187,
    "premium": 0.20103003698454944
  },
  "confusion_matrix": [
    [
      117,
      693,
      3393,
      5999
    ],
    [
      196,
      1291,
      5488,
      11928
    ],
    [
      86,
      390,
      1455,
      3790
    ],
    [
      143,
      347,
      908,
      2908
    ]
  ],
  "label_order": [
    "budget",
    "investment_grade",
    "mid_range",
    "premium"
  ],
  "best_epoch": 39,
  "epochs_trained": 48
}
