{
  "ja_natural": {
    "val": {
      "accuracy": 0.868631,
      "macro_f1": 0.857474
    },
    "test": {
      "accuracy": 0.865792,
      "macro_f1": 0.856719
    },
    "feature_importances": {
      "carat": 0.853268,
      "cut": 0.025519,
      "color": 0.065517,
      "clarity": 0.055696
    },
    "dataset": "ja_natural"
  },
  "ja_lab": {
    "val": {
      "accuracy": 0.940257,
      "macro_f1": 0.922251
    },
    "test": {
      "accuracy": 0.941135,
      "macro_f1": 0.921715
    },
    "feature_importances": {
      "carat": 0.792592,
      "cut": 0.011502,
      "color": 0.051418,
      "clarity": 0.144488
    },
    "dataset": "ja_lab"
  },
  "be_natural": {
    "val": {
      "accuracy": 0.833375,
      "macro_f1": 0.819109
    },
    "test": {
      "accuracy": 0.837063,
      "macro_f1": 0.82261
    },
    "feature_importances": {
      "carat": 0.804555,
      "cut": 0.020938,
      "color": 0.089296,
      "clarity": 0.085211
    },
    "dataset": "be_natural"
  },
  "be_lab": {
    "val": {
      "accuracy": 0.892464,
      "macro_f1": 0.870686
    },
    "test": {
      "accuracy": 0.896146,
      "macro_f1": 0.874197
    },
    "feature_importances": {
      "carat": 0.783808,
      "cut": 0.011387,
      "color": 0.06648,
      "clarity": 0.138325
    },
    "dataset": "be_lab"
  }
}