{
  "arch": "vit",
  "best_val_f1": 0.7423447524490782,
  "test_loss": 0.794289863316851,
  "test_accuracy": 0.8154795288839035,
  "test_macro_f1": 0.7913176474463486,
  "per_class_f1": {
    "Alexandrite": 0.7419354838709677,
    "Almandine": 0.5925925925925926,
    "Amazonite": 0.9333333333333333,
    "Amber": 0.8275862068965517,
    "Amethyst": 0.5882352941176471,
    "Ametrine": 0.8181818181818182,
    "Andradite": 0.6666666666666666,
    "Aquamarine": 0.5454545454545454,
    "Aventurine Green": 0.94,
    "Aventurine Yellow": 0.8571428571428571,
    "Benitoite": 0.7741935483870968,
    "Beryl Golden": 0.6046511627906976,
    "Bixbite": 0.8524590163934426,
    "Bloodstone": 0.8636363636363636,
    "Blue Lace Agate": 1.0,
    "Carnelian": 0.6666666666666666,
    "Chalcedony": 0.5882352941176471,
    "Chalcedony Blue": 0.975609756097561,
    "Chrome Diopside": 0.6666666666666666,
    "Chrysoberyl": 0.5964912280701754,
    "Chrysocolla": 0.9347826086956522,
    "Chrysoprase": 1.0,
    "Citrine": 0.8076923076923077,
    "Coral": 0.42857142857142855,
    "Diamond": 1.0,
    "Diaspore": 0.819672131147541,
    "Dumortierite": 0.8695652173913043,
    "Emerald": 0.8823529411764706,
    "Fluorite": 0.9041095890410958,
    "Hessonite": 0.8947368421052632,
    "Iolite": 0.7301587301587301,
    "Jasper": 0.75,
    "Kunzite": 0.90625,
    "Kyanite": 0.5283018867924528,
    "Lapis Lazuli": 0.95,
    "Malachite": 0.9259259259259259,
    "Onyx Black": 0.8571428571428571,
    "Onyx Green": 0.72,
    "Onyx Red": 0.821917808219178,
    "Peridot": 0.6909090909090909,
    "Prehnite": 1.0,
    "Pyrite": 0.8837209302325582,
    "Pyrope": 0.7368421052631579,
    "Quartz Beer": 1.0,
    "Quartz Lemon": 0.6666666666666666,
    "Quartz Rutilated": 0.7567567567567568,
    "Quartz Smoky": 0.9523809523809523,
    "Rhodochrosite": 0.8571428571428571,
    "Rhodolite": 0.5714285714285714,
    "Rhodonite": 0.8888888888888888,
    "Ruby": 0.9824561403508771,
    "Sapphire Blue": 0.49056603773584906,
    "Sapphire Pink": 0.7368421052631579,
    "Sapphire Purple": 0.8695652173913043,
    "Sapphire Yellow": 0.5806451612903226,
    "Serpentine": 0.989247311827957,
    "Sodalite": 0.6666666666666666,
    "Spessartite": 0.7567567567567568,
    "Sphene": 0.7160493827160493,
    "Sunstone": 0.6896551724137931,
    "Tanzanite": 0.5945945945945946,
    "Tigers Eye": 0.8913043478260869,
    "Topaz": 0.8351648351648352,
    "Tourmaline": 0.8636363636363636,
    "Tsavorite": 0.7555555555555555,
    "Turquoise": 0.8888888888888888,
    "Zircon": 0.8444444444444444,
    "Zoisite": 0.8484848484848485
  },
  "classes": [
    "Alexandrite",
    "Almandine",
    "Amazonite",
    "Amber",
    "Amethyst",
    "Ametrine",
    "Andradite",
    "Aquamarine",
    "Aventurine Green",
    "Aventurine Yellow",
    "Benitoite",
    "Beryl Golden",
    "Bixbite",
    "Bloodstone",
    "Blue Lace Agate",
    "Carnelian",
    "Chalcedony",
    "Chalcedony Blue",
    "Chrome Diopside",
    "Chrysoberyl",
    "Chrysocolla",
    "Chrysoprase",
    "Citrine",
    "Coral",
    "Diamond",
    "Diaspore",
    "Dumortierite",
    "Emerald",
    "Fluorite",
    "Hessonite",
    "Iolite",
    "Jasper",
    "Kunzite",
    "Kyanite",
    "Lapis Lazuli",
    "Malachite",
    "Onyx Black",
    "Onyx Green",
    "Onyx Red",
    "Peridot",
    "Prehnite",
    "Pyrite",
    "Pyrope",
    "Quartz Beer",
    "Quartz Lemon",
    "Quartz Rutilated",
    "Quartz Smoky",
    "Rhodochrosite",
    "Rhodolite",
    "Rhodonite",
    "Ruby",
    "Sapphire Blue",
    "Sapphire Pink",
    "Sapphire Purple",
    "Sapphire Yellow",
    "Serpentine",
    "Sodalite",
    "Spessartite",
    "Sphene",
    "Sunstone",
    "Tanzanite",
    "Tigers Eye",
    "Topaz",
    "Tourmaline",
    "Tsavorite",
    "Turquoise",
    "Zircon",
    "Zoisite"
  ],
  "hyperparams": {
    "epochs_run": 21,
    "epochs_max": 50,
    "batch_size": 64,
    "base_lr": 0.0003,
    "backbone_lr_scale": 0.1,
    "weight_decay": 0.0001,
    "dropout": 0.3,
    "patience": 10
  }
}