{
  "arch": "efficientnetv2",
  "subset": "ja_natural",
  "task": "regression",
  "target": "log(price_usd)",
  "best_val_log_mae": 0.3299993113128864,
  "hyperparams": {
    "epochs_run": 19,
    "epochs_max": 30,
    "batch_size": 64,
    "base_lr": 0.0003,
    "backbone_lr_scale": 0.1,
    "weight_decay": 0.0001,
    "dropout": 0.3,
    "huber_delta": 0.5,
    "patience": 5
  },
  "test_loss": 0.08098146392539156,
  "test_log_mae": 0.33164441324304617,
  "test_log_rmse": 0.43583186855642897,
  "test_usd_mae": 2183.908321678635,
  "test_usd_rmse": 6583.112689125107,
  "test_usd_med_ape": 26.01774149913855,
  "n_test": 16154,
  "test_r2": 0.880325245202328,
  "test_spearman": 0.930791990128361
}
