{
  "arch": "vit",
  "subset": "ja_natural",
  "cross_domain": true,
  "best_val_f1": 0.628721152406549,
  "hyperparams": {
    "epochs_run": 42,
    "epochs_max": 50,
    "batch_size": 64,
    "base_lr": 0.0003,
    "backbone_lr_scale": 0.1,
    "weight_decay": 0.0001,
    "dropout": 0.3,
    "patience": 10
  },
  "test_loss": 3.366145880451332,
  "test_accuracy": 0.11450476843483139,
  "test_macro_f1": 0.08723115001620452,
  "per_class_f1": {
    "budget": 0.0009685230024213075,
    "investment_grade": 0.025428811323017872,
    "mid_range": 0.13126783530370975,
    "premium": 0.19125943043566915
  },
  "confusion_matrix": [
    [
      2,
      235,
      846,
      3045
    ],
    [
      0,
      106,
      1200,
      6653
    ],
    [
      0,
      26,
      322,
      1982
    ],
    [
      0,
      11,
      208,
      1407
    ]
  ],
  "label_order": [
    "budget",
    "investment_grade",
    "mid_range",
    "premium"
  ],
  "best_epoch": 32,
  "epochs_trained": 41
}
