{
  "arch": "resnet50",
  "subset": "combined_all",
  "best_val_f1": 0.6470262941907681,
  "test_accuracy": 0.6806838103107518,
  "test_macro_f1": 0.6256054221481204,
  "per_class_f1": {
    "budget": 0.7331158525833187,
    "investment_grade": 0.7380763815557903,
    "mid_range": 0.4171917379511788,
    "premium": 0.6139170067306163
  },
  "hyperparams": {
    "epochs_run": 24,
    "epochs_max": 30,
    "batch_size": 64,
    "base_lr": 0.0003,
    "dropout": 0.3,
    "patience": 10
  }
}